{
  "state": "IL",
  "team": 6,
  "link":[
  {"link1": "https://www.ncei.noaa.gov/orders/cdo/994423.csv"},
  {"link2": "https://www.ncei.noaa.gov/orders/cdo/994424.csv"},
  {"link3": "https://www.ncei.noaa.gov/orders/cdo/994427.csv"},
  {"link4": "https://www.ncei.noaa.gov/orders/cdo/994429.csv"},
  {"link5": "https://www.ncei.noaa.gov/orders/cdo/994430.csv"},
  {"link6": "https://www.ncei.noaa.gov/orders/cdo/994428.csv"},
  {"link7": "https://www.ncei.noaa.gov/orders/cdo/994425.csv"},
  {"link8": "https://www.ncei.noaa.gov/orders/cdo/994558.csv"}],
  "AWSAccess":"AKIAIPRLWXATWZCPI6VQ",
  "AWSSecret":"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",
  "notificationEmail":"prashantvikramsingh@live.com",
  "Station_Id":"WBAN_13802"
}